小红书上看到的副业	untitled	34f7a51c-1360-81a5-9645-f77a1b4403d0
减脂期低脂版乾隆白菜（5分钟爽口美味）	5	34f7a51c-1360-81a1-b49f-c49e120a35f3
🇨🇦微波炉2分钟无糖油蛋白小蛋糕（不到300大卡）	2-300	34f7a51c-1360-81f0-b03b-e20f045896e4
苹果神仙吃法：苹果切块+酸奶+花生酱	untitled-34f7a51c	34f7a51c-1360-8115-8551-f1b2b0ed5335
🇨🇦蜂蜜大麻花（小时候的味道，附做法）	untitled-34f7a51c	34f7a51c-1360-8153-9ffa-e8c43671a3c0
苹果白切肉（超好吃不是邪修！）	untitled-34f7a51c	34f7a51c-1360-8116-9b74-e9ab4c091c55
3分钟咖啡奶冻	3	34f7a51c-1360-81b9-a3f4-ccb7de3b20eb
Instant Pot超浓意大利面（秽土转生版）	instant-pot	34f7a51c-1360-81b3-a7cc-f8f8c19d1d99
🇨🇦低糖版！留子5🔪烤一打可露丽	5-34f7a51c	34f7a51c-1360-8196-a105-ed831c5b1fe5
微波炉巧克力蛋糕（邪修梦中蛋糕）	untitled-34f7a51c	34f7a51c-1360-81f6-a043-e0e465d423db
抹茶松饼的无敌配方（酵母版）	untitled-34f7a51c	34f7a51c-1360-8157-9f0d-f31d6a41321a
鱼骨抹胸 种草	untitled-34f7a51c	34f7a51c-1360-815b-8f39-d5a10d844854
Staples神椅大打折 — 入手！	staples	34f7a51c-1360-8161-bab9-f86ab9b5fca6
妈妈回国归来 — 56刀的Uber是花得最值的钱	56-uber	34f7a51c-1360-81b0-b6d6-c14b2dcda155
2026年第二钓 — 米湖大丰收	2026	34f7a51c-1360-81be-a568-c27526840be3
2026年第一次钓鱼（Harwood）	2026-harwood	34f7a51c-1360-8110-a3e4-d531498b8713
Hail Mary Project 电影感想	hail-mary-project	34f7a51c-1360-81c1-afc0-ca9c6053898b
想买的裙子 Aritzia Damasque Skirt	aritzia-damasque-skirt	34f7a51c-1360-81be-866c-f37763a628bb
Shoes I want to buy	shoes-i-want-to-buy	34f7a51c-1360-815f-b3eb-fc1578bef31c
低卡脆土豆沙拉！稳定食欲的神！一口惊艳我‼️	untitled-3437a51c	3437a51c-1360-818d-b912-c07f150aa7d0
解锁帕帕罗蒂咖啡包	untitled-3437a51c	3437a51c-1360-8125-bb15-dec69ab73074
减脂人的肉酱薯条！太满足了！	untitled-3437a51c	3437a51c-1360-816e-8462-f10217ba1521
WWS巨型热狗面包复刻！童年椰蓉奶油面包	wws	3437a51c-1360-81fe-8feb-d25e08191835
人生三明治！烤奶酪花生辣桃子三明治🥪	untitled-3437a51c	3437a51c-1360-8104-8f5c-df8c15a958fc
今天我的穿搭	untitled-3437a51c	3437a51c-1360-81a0-a43d-c551b5175225
喜欢这个脚指甲的颜色，以后做美甲可以试试！	untitled-3437a51c	3437a51c-1360-8112-ad46-f8eeed5172e2
爱吃方便面调料包的有福了	untitled-3427a51c	3427a51c-1360-8157-9392-e6d546c06d7a
茶香鸡腿饭 好吃到一个回旋踢踢飞所有油腻	untitled-3427a51c	3427a51c-1360-8154-a2fc-c5af9bd8ca1d
🇨🇦在家实现关东煮🍢自由🆓（非料包超好吃	untitled-3427a51c	3427a51c-1360-81c8-9d7f-e321cad23230
早餐🔆| 蘑菇菠菜奶酪欧姆蛋🍳	untitled-3427a51c	3427a51c-1360-812a-8549-ffd7e64db98c
北美🇨🇦Costco牛肉最最简单的做法盐葱牛肉	costco	3427a51c-1360-81c1-95b0-f3576bd03761
我做的羽衣甘蓝沙拉比Wagas的好吃100倍😆	wagas-100	3427a51c-1360-81b2-9e81-e47e856e635f
🇨🇦instant pot煮红薯10分钟就好了	instant-pot-10	3427a51c-1360-8121-97b5-fd90b266bbdc
不愧是brie奶酪最好吃的做法	brie	3427a51c-1360-81ab-921a-f57e3a07601f
微波炉280卡的wholefoods海鲜沙拉大乱斗	280-wholefoods	3427a51c-1360-8140-80c3-df955a05176e
🇨🇦全网忽略的宝藏‼️Costco 风干番茄开挂～	costco-3427a51c	3427a51c-1360-8146-8232-f72c52691149
🇨🇦Costco的气泡茶🥂	costco-3407a51c	3407a51c-1360-81c0-b8c4-e52088e2e01d
北美神锅instant pot早餐一锅出	instant-pot-3407a51c	3407a51c-1360-81eb-98da-db1c447e531e
比之前做的辣奶油炖鸡都好吃欸	untitled-3407a51c	3407a51c-1360-813b-9b1f-f16256f23253
Costco牛肉复刻沙茶牛肉煲😭太下饭了巨好吃	costco-33f7a51c	33f7a51c-1360-81f8-bf2e-ca7f7e860ccc
我居然跟着德国健身房的菜谱做了一款蛋糕	untitled-33f7a51c	33f7a51c-1360-8117-bcec-e9d5e1d4dfb0
好像莫名其妙发现了一种好吃的三文鱼做法	untitled-33f7a51c	33f7a51c-1360-8188-8de9-f6fdfc36b993
🇨🇦再发一下costco这个$15/kg的超低价牛肉	costco-15-kg	33f7a51c-1360-8145-bdd1-ebd1f72c1c35
🇨🇦盘点西人超市蔬菜的中餐做法	untitled-33f7a51c	33f7a51c-1360-81ae-b2bf-df0d56426b23
请把肉桂香蕉锁sss!平底锅版vs空气炸锅版	sss-vs	33f7a51c-1360-814b-a5be-c070ec6ac8cf
留子Instant Pot煲仔饭！绝美锅巴！	instant-pot-33f7a51c	33f7a51c-1360-810d-ad15-d408c33d1005
用instant pot做出了完美的皮蛋瘦肉粥	instant-pot-33f7a51c	33f7a51c-1360-8158-ad34-ef8546bd6538
instantpot无脑速成韩式辣排骨	instantpot	33f7a51c-1360-81ab-a443-e3c8034f7d19
Costco X Instant Pot 联合出品	costco-x-instant-pot	33f7a51c-1360-8143-9586-f10022d60614
Instant pot 玉米排骨汤	instant-pot-33f7a51c	33f7a51c-1360-81d5-b43b-ca045262b9dd
外面的卤肉饭再也别想赚到我的钱😎	untitled-33e7a51c	33e7a51c-1360-814c-8ff1-d7633c41ef97
Instant Pot懒人食谱：缺德舅板栗鸡菌菇烩饭	instant-pot-33e7a51c	33e7a51c-1360-8139-9911-ea02ab5e3c4e
累死北美神锅 instant pot之苹果炖猪排	instant-pot-33e7a51c	33e7a51c-1360-815a-9cbf-ffd805b238f8
凯宾斯基隔夜燕麦配方🥛刚刚好清甜软糯😋	untitled-33e7a51c	33e7a51c-1360-8127-ac3a-e92031ebbad4
我其实挺喜欢加拿大预制菜的	untitled-33e7a51c	33e7a51c-1360-81cc-a131-e25911a5c137
🇨🇦留子｜一人食｜蒸门	untitled-33e7a51c	33e7a51c-1360-81a2-b77f-eb75acbd4cad
这是一个直接发来的测试想法\n第二行补充说明	n	33e7a51c-1360-81c1-8c1f-f629152254f2
关于让Openclaw学习炒股这件事😂	openclaw	33e7a51c-1360-818f-a0dd-e72988189a7f
18岁那天你来到洛杉矶的海滩	18	33e7a51c-1360-81e2-831c-f1d72cdbed2f
结构化测试条目	untitled-33e7a51c	33e7a51c-1360-81f7-81c8-d83557577864
别把OpenClaw当ChatGPT用了，手把手教你	openclaw-chatgpt	33e7a51c-1360-81a3-8b37-e70c255d34a3
用了Claude Skill之后，我少加了200小时班	claude-skill-200	33e7a51c-1360-818a-81ad-d7cc8fda9fb2
小生意owner都去学学vibe coding	owner-vibe-coding	33e7a51c-1360-8102-a524-cfded2605ab7
如何渔具打包，鱼竿直邮, 从国内邮寄快递	untitled-33e7a51c	33e7a51c-1360-8140-9566-e2f80d74b060
🇨🇦我家终于不冻胳膊咯	untitled-33e7a51c	33e7a51c-1360-8145-bff2-fbaa15520953
ElevenLabs销售负责人：配额是底薪的20倍，	elevenlabs-20	33e7a51c-1360-8195-b995-e4a9feca4b4c
加州最美的trail	trail	33e7a51c-1360-810b-bf0d-db9f449a6dbf
天啊，用辅食泥做这个韩式排骨的真是天才	untitled-33e7a51c	33e7a51c-1360-812b-ba59-cf26ebb4b07d
日式盐葱柠檬芦笋鸡腿🍗春日清新好好味🍃	untitled-33e7a51c	33e7a51c-1360-81a6-9f93-eaf40b6e7883
Costco的蟹肉｜马里兰 Crab Cake	costco-crab-cake	33e7a51c-1360-811d-80c6-d5866d5b72f1
Ninja冰激淋机做了红腰豆🫘+红枣的	ninja	33e7a51c-1360-8168-98de-f825b017df3d
烂脸期我反复吃的饭团！抗火火全身轻盈！	untitled-33e7a51c	33e7a51c-1360-8165-8a51-c16dc6571e85
crush说这是他吃到过的最好吃的沙拉💕｜墨西哥土豆牛肉沙拉碗	crush	33e7a51c-1360-81ad-8eb4-dbfa4d47c622
Mel的8句早安话，30天改变磁场（附科学依据）	mel-8-30	33e7a51c-1360-8190-aadf-e0b37d614187
电影种草：杰瑞和玛姬生活阔绰	untitled-33e7a51c	33e7a51c-1360-81ba-9f89-e4efd8ecb342
旅游穿搭：Define 外套 + Aritzia cargo sweatpant + UGG	define-aritzia-cargo-sweatpant-ugg	33e7a51c-1360-81c6-b7c9-d4a031ff9890
大胸女生免穿 bra 吊带搭配思路	bra	33e7a51c-1360-81e7-bb9d-c67d895bd2fe
Rocky，超可爱的 cockapoo	rocky-cockapoo	33e7a51c-1360-818b-a5ef-ce8a4d5dc429
Aritzia 白色针织上衣搭配灵感	aritzia	33e7a51c-1360-81c0-b6fe-e74630b25937
Ad Match 超市比价政策牌	ad-match	33e7a51c-1360-819c-86e1-c614a0588a5f
Nescafe Gold Espresso 速溶咖啡	nescafe-gold-espresso	33e7a51c-1360-81c2-9fca-e0cf49229f26
华夫饼面糊配方（可冷冻回烤）	untitled-33d7a51c	33d7a51c-1360-81cc-9f96-f1fd0a5030a4
自制华夫饼 — 凯西加州生活食谱	untitled-33d7a51c	33d7a51c-1360-81d1-b8d0-e38acd820282
淘宝黄碎花收腰蓬蓬裙试穿记录	untitled-8567a51c	8567a51c-1360-8338-80c4-81bae76155bf
泰国生态棉不规则荷叶边半裙（580 RMB）心动记录	580-rmb	5647a51c-1360-8260-931c-81e1ab44f4e9
夏日鞋花凉拖（268 RMB）购买判断	268-rmb	7447a51c-1360-836f-a55d-01d1c29dff66
1688入手 Shein bohemian 风半裙穿搭记录	1688-shein-bohemian	7f97a51c-1360-8325-9462-0187c4d70790
A酸搭配保湿：Lipikar AP+M 防爆皮	a-lipikar-ap-m	9ab7a51c-1360-830f-a430-01c87617bed5
高能量正念冥想图片	untitled-3437a51c	3437a51c-1360-822d-8bb1-815f7b7c29e4
白天VC精华推荐：RoC Revive + Glow	vc-roc-revive-glow	2dc7a51c-1360-83f0-baa1-8150a6e9bcda
家用净水器省钱方案（国产机+滤芯）	untitled-5297a51c	5297a51c-1360-83a0-9546-8134f3f217ff
Flashfood 省钱买菜攻略（Superstore半价临期）	flashfood-superstore	e277a51c-1360-8217-8b1b-01e3b1cfde4f
回国送礼：心血管健康类实用营养品	untitled-64a7a51c	64a7a51c-1360-8290-be3b-018339ad6508
Round Lab 纯物理防晒使用心得	round-lab	b927a51c-1360-8305-8757-010416bc3e55
冬季保暖好物：蒙古牦牛绒长款袜套	untitled-dee7a51c	dee7a51c-1360-83fe-b12a-812f3300eba6
今天吃墨西哥Taco	taco	4197a51c-1360-83b1-88db-81799e1705d2
1688纯棉安全裤内裤一体款入手记录	1688	8a07a51c-1360-8237-a07c-0164bb503158
RCSS Superstore Price Match 竞品门店清单	rcss-superstore-price-match	95f7a51c-1360-8385-8619-81e7b5e0892b
A酸搭配精华推荐：理肤泉 Hyalu B5	a-hyalu-b5	f3e7a51c-1360-8315-aeb4-0114f1dff04b
Aritzia挂脖吊带试穿记录（显胸腰比强，未购）	aritzia-04c7a51c	04c7a51c-1360-82a5-a89e-8181f3d1b963
正念显化壁纸：宇宙能量与自我肯定	untitled-b667a51c	b667a51c-1360-82b5-b44b-016aa25b7bd0
Skims风黑色连衣裙 x Chanel 配饰搭配方案	skims-x-chanel	2637a51c-1360-82fa-bd40-8193fa59b268
穿戴甲回购记录：海莉极光裸色白渐变（中杏仁）	untitled-35d7a51c	35d7a51c-1360-837f-8868-01f344e250ff
白天乳液推荐：理肤泉 Toleriane Dermallergo	toleriane-dermallergo	3b07a51c-1360-8336-89dc-81e9b9ae5f1c
1688 12mm人造珍珠项链（10 RMB）搭配尝试	1688-12mm-10-rmb	37f7a51c-1360-832c-b471-81a93d2f13d5
自设计电脑椅地垫（淘宝定制）	untitled-d3d7a51c	d3d7a51c-1360-8378-823e-01987db1c004
1688狐狸毛袖2穿毛衣（千禧年千金风）	1688-2	c277a51c-1360-825d-8676-819ed0438faf
Aerie bikini set 70% off（约$30）	aerie-bikini-set-70-off-30	8d87a51c-1360-8394-878e-8163ecc9748e
菲律宾紫薯面包推荐（FV FOODS）	fv-foods	d717a51c-1360-83ff-837a-016ce569d9ea
橄榄绿全苎麻印花上衣（403 RMB）穿搭尝试	403-rmb	7967a51c-1360-8251-9b48-01c13616297d
1688双配色连体泳衣入手（黑/香槟，合计138 RMB）	1688-138-rmb	fc17a51c-1360-822e-b901-81126d6ed019
晚餐记录：红烧带鱼豆腐 + 凉拌菠菜木耳粉丝腐竹	untitled-f1d7a51c	f1d7a51c-1360-83f7-b7dd-81f187e6d1bf
Lululemon Align Top（显白色）穿搭记录	lululemon-align-top	a5b7a51c-1360-82d0-8992-018ff4001ebb
淘宝外单凉拖双款记录（颜值高、性价比高）	untitled-ac67a51c	ac67a51c-1360-83d2-8621-0100533efe9a
淘宝珍珠链可叠戴项链（双层/单层长戴）	untitled-6237a51c	6237a51c-1360-82fe-973c-01a7c4a5f678
