Daily Gratitude and Wins	daily-gratitude-and-wins	00a7a51c-1360-8315-a437-8162cfe76070	https://www.notion.so/Daily-Gratitude-and-Wins-00a7a51c13608315a4378162cfe76070
Daily Gratitude and Wins	daily-gratitude-and-wins-6167a51c	6167a51c-1360-82a0-8ba0-812d6e404d54	https://www.notion.so/Daily-Gratitude-and-Wins-6167a51c136082a08ba0812d6e404d54
Daily Gratitude	daily-gratitude	e627a51c-1360-8281-b7bc-011a2fdde83b	https://www.notion.so/Daily-Gratitude-e627a51c13608281b7bc011a2fdde83b
Daily entry	daily-entry	d7b7a51c-1360-826f-b662-01ad8b3229ef	https://www.notion.so/Daily-entry-d7b7a51c1360826fb66201ad8b3229ef
Daily entry	daily-entry-bc47a51c	bc47a51c-1360-83c1-8072-81e0ed9ec148	https://www.notion.so/Daily-entry-bc47a51c136083c1807281e0ed9ec148
Hawaii Vacation	hawaii-vacation	2977a51c-1360-8383-a11b-013aa8a157be	https://www.notion.so/Hawaii-Vacation-2977a51c13608383a11b013aa8a157be
Daily Gratitude and Wins	daily-gratitude-and-wins-9d27a51c	9d27a51c-1360-8211-a563-81c5aa940816	https://www.notion.so/Daily-Gratitude-and-Wins-9d27a51c13608211a56381c5aa940816
Daily entry	daily-entry-5937a51c	5937a51c-1360-8322-a6e1-81bc5f759372	https://www.notion.so/Daily-entry-5937a51c13608322a6e181bc5f759372
Daily Gratitude and Wins	daily-gratitude-and-wins-ba37a51c	ba37a51c-1360-8285-972c-01bac17f270d	https://www.notion.so/Daily-Gratitude-and-Wins-ba37a51c13608285972c01bac17f270d
Daily entry	daily-entry-6837a51c	6837a51c-1360-83b2-aa63-017f0172d812	https://www.notion.so/Daily-entry-6837a51c136083b2aa63017f0172d812
Daily entry	daily-entry-74a7a51c	74a7a51c-1360-8322-8a9f-8183931b9162	https://www.notion.so/Daily-entry-74a7a51c136083228a9f8183931b9162
Daily entry	daily-entry-0197a51c	0197a51c-1360-8210-9b04-819701cec809	https://www.notion.so/Daily-entry-0197a51c136082109b04819701cec809
Daily entry	daily-entry-3127a51c	3127a51c-1360-826c-a2cc-0191181bc5b1	https://www.notion.so/Daily-entry-3127a51c1360826ca2cc0191181bc5b1
Daily Gratitude and Wins	daily-gratitude-and-wins-2477a51c	2477a51c-1360-8348-b32d-01b7d1d73e7b	https://www.notion.so/Daily-Gratitude-and-Wins-2477a51c13608348b32d01b7d1d73e7b
Daily Gratitude and Wins	daily-gratitude-and-wins-2007a51c	2007a51c-1360-820f-96c5-81c3733c826a	https://www.notion.so/Daily-Gratitude-and-Wins-2007a51c1360820f96c581c3733c826a
Daily Gratitude and Wins	daily-gratitude-and-wins-c557a51c	c557a51c-1360-8380-bf9b-818b1e5a52c4	https://www.notion.so/Daily-Gratitude-and-Wins-c557a51c13608380bf9b818b1e5a52c4
Daily Gratitude and Wins	daily-gratitude-and-wins-0277a51c	0277a51c-1360-8384-b603-818b8a130a5c	https://www.notion.so/Daily-Gratitude-and-Wins-0277a51c13608384b603818b8a130a5c
Daily Gratitude and Wins	daily-gratitude-and-wins-5d27a51c	5d27a51c-1360-8313-92a8-014a1f084ccc	https://www.notion.so/Daily-Gratitude-and-Wins-5d27a51c1360831392a8014a1f084ccc
Daily Gratitude and Wins	daily-gratitude-and-wins-0c67a51c	0c67a51c-1360-82bc-a09f-81a12de34355	https://www.notion.so/Daily-Gratitude-and-Wins-0c67a51c136082bca09f81a12de34355
Daily Gratitude and Wins	daily-gratitude-and-wins-d4f7a51c	d4f7a51c-1360-831f-8721-817f433589d0	https://www.notion.so/Daily-Gratitude-and-Wins-d4f7a51c1360831f8721817f433589d0
Daily Gratitude	daily-gratitude-0b87a51c	0b87a51c-1360-8372-946c-0138d355b4d8	https://www.notion.so/Daily-Gratitude-0b87a51c13608372946c0138d355b4d8
Daily Gratitude	daily-gratitude-e6b7a51c	e6b7a51c-1360-8247-a9af-010f50914dd2	https://www.notion.so/Daily-Gratitude-e6b7a51c13608247a9af010f50914dd2
Daily Gratitude	daily-gratitude-e777a51c	e777a51c-1360-826c-bdca-01d5b6baea95	https://www.notion.so/Daily-Gratitude-e777a51c1360826cbdca01d5b6baea95
Daily Gratitude	daily-gratitude-4fd7a51c	4fd7a51c-1360-8324-bcfc-0184a1447caf	https://www.notion.so/Daily-Gratitude-4fd7a51c13608324bcfc0184a1447caf
Daily Gratitude	daily-gratitude-7507a51c	7507a51c-1360-834c-876b-01112758eb0e	https://www.notion.so/Daily-Gratitude-7507a51c1360834c876b01112758eb0e
Daily Gratitude	daily-gratitude-1727a51c	1727a51c-1360-8243-bf6e-81b989f37dbd	https://www.notion.so/Daily-Gratitude-1727a51c13608243bf6e81b989f37dbd
Daily Gratitude	daily-gratitude-58f7a51c	58f7a51c-1360-820a-855d-81dba2983d8a	https://www.notion.so/Daily-Gratitude-58f7a51c1360820a855d81dba2983d8a
Daily Gratitude	daily-gratitude-5597a51c	5597a51c-1360-82f1-a4c2-01388637189f	https://www.notion.so/Daily-Gratitude-5597a51c136082f1a4c201388637189f
Daily Gratitude	daily-gratitude-56a7a51c	56a7a51c-1360-8323-8fe5-0107a4bfae11	https://www.notion.so/Daily-Gratitude-56a7a51c136083238fe50107a4bfae11
Daily Gratitude	daily-gratitude-5757a51c	5757a51c-1360-82ec-b4d4-01765465f229	https://www.notion.so/Daily-Gratitude-5757a51c136082ecb4d401765465f229
Daily Gratitude	daily-gratitude-85f7a51c	85f7a51c-1360-8274-8a30-816810b5fa44	https://www.notion.so/Daily-Gratitude-85f7a51c136082748a30816810b5fa44
Just another day	just-another-day	7347a51c-1360-8283-9cc3-01cc76239fea	https://www.notion.so/Just-another-day-7347a51c136082839cc301cc76239fea
Daily Gratitude and Wins	daily-gratitude-and-wins-7e77a51c	7e77a51c-1360-829a-b7ef-813a0fa6482a	https://www.notion.so/Daily-Gratitude-and-Wins-7e77a51c1360829ab7ef813a0fa6482a
Daily Gratitude	daily-gratitude-1397a51c	1397a51c-1360-83c9-9cb2-81d5942256eb	https://www.notion.so/Daily-Gratitude-1397a51c136083c99cb281d5942256eb
Daily Gratitude	daily-gratitude-1857a51c	1857a51c-1360-8342-ba1b-81222a4b35a2	https://www.notion.so/Daily-Gratitude-1857a51c13608342ba1b81222a4b35a2
Daily Gratitude	daily-gratitude-7ec7a51c	7ec7a51c-1360-83b5-aa76-8136cef1fdc1	https://www.notion.so/Daily-Gratitude-7ec7a51c136083b5aa768136cef1fdc1
Daily Gratitude	daily-gratitude-aa17a51c	aa17a51c-1360-8321-b50c-815e850bd757	https://www.notion.so/Daily-Gratitude-aa17a51c13608321b50c815e850bd757
Daily Gratitude	daily-gratitude-e8c7a51c	e8c7a51c-1360-822f-8e1e-8180b5363a60	https://www.notion.so/Daily-Gratitude-e8c7a51c1360822f8e1e8180b5363a60
Daily entry	daily-entry-3227a51c	3227a51c-1360-8267-9d54-01a53bcab515	https://www.notion.so/Daily-entry-3227a51c136082679d5401a53bcab515
Daily entry	daily-entry-04d7a51c	04d7a51c-1360-8310-b5b5-81c13f0b23f3	https://www.notion.so/Daily-entry-04d7a51c13608310b5b581c13f0b23f3
Daily entry	daily-entry-4807a51c	4807a51c-1360-83e0-9779-01c04dc25160	https://www.notion.so/Daily-entry-4807a51c136083e0977901c04dc25160
Daily reflection	daily-reflection	b4c7a51c-1360-8361-a9fb-81512bd20264	https://www.notion.so/Daily-reflection-b4c7a51c13608361a9fb81512bd20264
Daily Gratitude and Wins	daily-gratitude-and-wins-c357a51c	c357a51c-1360-8215-96d8-8134e772cb99	https://www.notion.so/Daily-Gratitude-and-Wins-c357a51c1360821596d88134e772cb99
Daily Gratitude and Wins	daily-gratitude-and-wins-2e17a51c	2e17a51c-1360-8384-8f9a-01480258a5b4	https://www.notion.so/Daily-Gratitude-and-Wins-2e17a51c136083848f9a01480258a5b4
Daily Gratitude and Wins	daily-gratitude-and-wins-4607a51c	4607a51c-1360-826a-b1fd-8125a4824253	https://www.notion.so/Daily-Gratitude-and-Wins-4607a51c1360826ab1fd8125a4824253
Daily Gratitude and Wins	daily-gratitude-and-wins-4a77a51c	4a77a51c-1360-835c-9416-011e32386db8	https://www.notion.so/Daily-Gratitude-and-Wins-4a77a51c1360835c9416011e32386db8
Daily entry	daily-entry-11b7a51c	11b7a51c-1360-832f-98d1-817c20ae9d45	https://www.notion.so/Daily-entry-11b7a51c1360832f98d1817c20ae9d45
Daily entry	daily-entry-b1a7a51c	b1a7a51c-1360-820c-84d8-81482843a75b	https://www.notion.so/Daily-entry-b1a7a51c1360820c84d881482843a75b
Daily entry	daily-entry-d4b7a51c	d4b7a51c-1360-83bb-938c-81b9cf7e2181	https://www.notion.so/Daily-entry-d4b7a51c136083bb938c81b9cf7e2181
Daily entry	daily-entry-38b7a51c	38b7a51c-1360-82ad-a4b2-81d1ded2324a	https://www.notion.so/Daily-entry-38b7a51c136082ada4b281d1ded2324a
Daily entry	daily-entry-e3f7a51c	e3f7a51c-1360-8308-be22-0104ac72b4f6	https://www.notion.so/Daily-entry-e3f7a51c13608308be220104ac72b4f6
Daily entry	daily-entry-20c7a51c	20c7a51c-1360-8282-aae1-8196868931aa	https://www.notion.so/Daily-entry-20c7a51c13608282aae18196868931aa
Daily entry	daily-entry-53e7a51c	53e7a51c-1360-82a5-9ed3-8107572ea2f4	https://www.notion.so/Daily-entry-53e7a51c136082a59ed38107572ea2f4
Daily entry	daily-entry-dad7a51c	dad7a51c-1360-83ab-9203-01f5af2e346b	https://www.notion.so/Daily-entry-dad7a51c136083ab920301f5af2e346b
Daily entry	daily-entry-fb87a51c	fb87a51c-1360-82fa-8817-819aad28fb17	https://www.notion.so/Daily-entry-fb87a51c136082fa8817819aad28fb17
Daily entry	daily-entry-13f7a51c	13f7a51c-1360-82c3-b41e-8132d745245d	https://www.notion.so/Daily-entry-13f7a51c136082c3b41e8132d745245d
Daily entry	daily-entry-a587a51c	a587a51c-1360-8272-a462-8121a71a5421	https://www.notion.so/Daily-entry-a587a51c13608272a4628121a71a5421
Daily entry	daily-entry-a4a7a51c	a4a7a51c-1360-8262-b4ca-81349a05d73d	https://www.notion.so/Daily-entry-a4a7a51c13608262b4ca81349a05d73d
Daily entry	daily-entry-f307a51c	f307a51c-1360-8307-8cd2-816f0da8d35d	https://www.notion.so/Daily-entry-f307a51c136083078cd2816f0da8d35d
Daily entry	daily-entry-fba7a51c	fba7a51c-1360-8271-9f26-018b95922898	https://www.notion.so/Daily-entry-fba7a51c136082719f26018b95922898
Daily entry	daily-entry-b627a51c	b627a51c-1360-829c-a330-01962482596c	https://www.notion.so/Daily-entry-b627a51c1360829ca33001962482596c
Daily entry	daily-entry-7d17a51c	7d17a51c-1360-823c-bc4f-814d739208ac	https://www.notion.so/Daily-entry-7d17a51c1360823cbc4f814d739208ac
Untitled	untitled	20e7a51c-1360-8221-ad9f-01863104bcec	https://www.notion.so/20e7a51c13608221ad9f01863104bcec
Daily Gratitude and Wins	daily-gratitude-and-wins-f797a51c	f797a51c-1360-832b-b30a-81177277ce26	https://www.notion.so/Daily-Gratitude-and-Wins-f797a51c1360832bb30a81177277ce26
Daily Gratitude	daily-gratitude-e897a51c	e897a51c-1360-8324-9cb1-01736139cb9c	https://www.notion.so/Daily-Gratitude-e897a51c136083249cb101736139cb9c
Daily entry	daily-entry-a847a51c	a847a51c-1360-83fb-bcb2-01dda3b3ac93	https://www.notion.so/Daily-entry-a847a51c136083fbbcb201dda3b3ac93
Daily entry	daily-entry-52a7a51c	52a7a51c-1360-8263-954d-8128e6893536	https://www.notion.so/Daily-entry-52a7a51c13608263954d8128e6893536
Daily entry	daily-entry-9367a51c	9367a51c-1360-83bb-815c-0119ad4a9127	https://www.notion.so/Daily-entry-9367a51c136083bb815c0119ad4a9127
Job Search - September	job-search-september	9d27a51c-1360-82e4-a326-81ce1b2e1eeb	https://www.notion.so/Job-Search-September-9d27a51c136082e4a32681ce1b2e1eeb
Daily Gratitude and Wins	daily-gratitude-and-wins-bfa7a51c	bfa7a51c-1360-82f4-810e-01acf78037ab	https://www.notion.so/Daily-Gratitude-and-Wins-bfa7a51c136082f4810e01acf78037ab
Daily Gratitude and Wins	daily-gratitude-and-wins-28e7a51c	28e7a51c-1360-83e9-b56a-016a7e38f813	https://www.notion.so/Daily-Gratitude-and-Wins-28e7a51c136083e9b56a016a7e38f813
Daily entry	daily-entry-2cc7a51c	2cc7a51c-1360-8394-a74b-0157eb77919b	https://www.notion.so/Daily-entry-2cc7a51c13608394a74b0157eb77919b
Daily entry	daily-entry-5cd7a51c	5cd7a51c-1360-83f5-a547-01f3b0f578d9	https://www.notion.so/Daily-entry-5cd7a51c136083f5a54701f3b0f578d9
Daily entry	daily-entry-dad7a51c	dad7a51c-1360-8340-89ac-013a98fcd542	https://www.notion.so/Daily-entry-dad7a51c1360834089ac013a98fcd542
Daily Gratitude and Wins	daily-gratitude-and-wins-2e27a51c	2e27a51c-1360-82f0-94ad-01b731ac31e0	https://www.notion.so/Daily-Gratitude-and-Wins-2e27a51c136082f094ad01b731ac31e0
Daily Gratitude	daily-gratitude-9437a51c	9437a51c-1360-8327-a31d-013428dcb1a8	https://www.notion.so/Daily-Gratitude-9437a51c13608327a31d013428dcb1a8
Daily Gratitude and Wins	daily-gratitude-and-wins-6f87a51c	6f87a51c-1360-8345-ae92-0116ba8e8333	https://www.notion.so/Daily-Gratitude-and-Wins-6f87a51c13608345ae920116ba8e8333
Daily entry	daily-entry-1197a51c	1197a51c-1360-8209-bd30-81ccb5fbf8c6	https://www.notion.so/Daily-entry-1197a51c13608209bd3081ccb5fbf8c6
Daily entry	daily-entry-28a7a51c	28a7a51c-1360-83d1-8a7b-0129736abfbb	https://www.notion.so/Daily-entry-28a7a51c136083d18a7b0129736abfbb
Daily entry	daily-entry-e6b7a51c	e6b7a51c-1360-83f7-a1fa-0124f66bda7f	https://www.notion.so/Daily-entry-e6b7a51c136083f7a1fa0124f66bda7f
Daily Gratitude and Wins	daily-gratitude-and-wins-cd17a51c	cd17a51c-1360-8395-af57-81f37d46ca45	https://www.notion.so/Daily-Gratitude-and-Wins-cd17a51c13608395af5781f37d46ca45
Daily Gratitude and Wins	daily-gratitude-and-wins-00c7a51c	00c7a51c-1360-82c6-b64e-811e90878661	https://www.notion.so/Daily-Gratitude-and-Wins-00c7a51c136082c6b64e811e90878661
Daily Gratitude	daily-gratitude-76f7a51c	76f7a51c-1360-83af-9c64-8114a6931a8b	https://www.notion.so/Daily-Gratitude-76f7a51c136083af9c648114a6931a8b
Daily Gratitude	daily-gratitude-74f7a51c	74f7a51c-1360-83cc-8b47-8174d432dcf5	https://www.notion.so/Daily-Gratitude-74f7a51c136083cc8b478174d432dcf5
Daily entry	daily-entry-2c27a51c	2c27a51c-1360-83c6-a20c-815357ab866e	https://www.notion.so/Daily-entry-2c27a51c136083c6a20c815357ab866e
Daily entry	daily-entry-9267a51c	9267a51c-1360-838b-abb5-81b49070d3ce	https://www.notion.so/Daily-entry-9267a51c1360838babb581b49070d3ce
Daily Gratitude	daily-gratitude-17a7a51c	17a7a51c-1360-82d7-9856-8184730f2065	https://www.notion.so/Daily-Gratitude-17a7a51c136082d798568184730f2065
So much to be grateful for	so-much-to-be-grateful-for	beb7a51c-1360-82c1-a527-01d9cc50c8f4	https://www.notion.so/So-much-to-be-grateful-for-beb7a51c136082c1a52701d9cc50c8f4
28th Birthday	28th-birthday	9a77a51c-1360-820e-8225-0123e57e1265	https://www.notion.so/28th-Birthday-9a77a51c1360820e82250123e57e1265
Date with Stewart	date-with-stewart	7de7a51c-1360-8318-ab91-0118f605d751	https://www.notion.so/Date-with-Stewart-7de7a51c13608318ab910118f605d751
Daily Gratitude and Wins	daily-gratitude-and-wins-2527a51c	2527a51c-1360-826a-91ae-81f5e73af684	https://www.notion.so/Daily-Gratitude-and-Wins-2527a51c1360826a91ae81f5e73af684
